{"utilisation": {"idle": 5.189999999999998, "total": 112.28999999999999}, "runtime": 111577.0, "throughput": 179248.42709051393}