{"utilisation": {"idle": 6.350000000000001, "total": 112.34999999999997}, "runtime": 111498.0, "throughput": 179376.0817771802}