{"utilisation": {"idle": 1.2899999999999636, "total": 149.98000000000002}, "runtime": 149415.5, "throughput": 133854.98557143495}