{"utilisation": {"idle": 1.3799999999999955, "total": 150.01999999999998}, "runtime": 149135.0, "throughput": 134107.2427748717}