{"utilisation": {"idle": 1.5500000000000682, "total": 150.26999999999998}, "runtime": 149335.0, "throughput": 133927.45807758346}