{"utilisation": {"idle": 1.25, "total": 149.87999999999988}, "runtime": 149357.5, "throughput": 133906.9855188258}