{"utilisation": {"idle": 1.4499999999999318, "total": 150.0300000000001}, "runtime": 149279.5, "throughput": 133976.8714201897}