{"utilisation": {"idle": 1.2200000000000273, "total": 150.01999999999998}, "runtime": 149278.0, "throughput": 133978.38889868517}