{"utilisation": {"idle": 1.2699999999999818, "total": 150.06999999999994}, "runtime": 149511.0, "throughput": 133769.44041455194}