{"utilisation": {"idle": 1.3799999999999955, "total": 150.12000000000012}, "runtime": 149436.0, "throughput": 133836.62237709778}