{"utilisation": {"idle": 1.4300000000000637, "total": 150.1300000000001}, "runtime": 149154.0, "throughput": 134090.54863869655}